t,reported_hash,trusted_hash,match,label,attack_type
0.0,50806b950f4a05b72e8189bc36ac3af8e0a4d01e91d156ec607c887aec7891f9,50806b950f4a05b72e8189bc36ac3af8e0a4d01e91d156ec607c887aec7891f9,True,normal,none
1.0,50806b950f4a05b72e8189bc36ac3af8e0a4d01e91d156ec607c887aec7891f9,50806b950f4a05b72e8189bc36ac3af8e0a4d01e91d156ec607c887aec7891f9,True,normal,none
2.0,50806b950f4a05b72e8189bc36ac3af8e0a4d01e91d156ec607c887aec7891f9,50806b950f4a05b72e8189bc36ac3af8e0a4d01e91d156ec607c887aec7891f9,True,normal,none
3.0,50806b950f4a05b72e8189bc36ac3af8e0a4d01e91d156ec607c887aec7891f9,50806b950f4a05b72e8189bc36ac3af8e0a4d01e91d156ec607c887aec7891f9,True,normal,none
4.0,50806b950f4a05b72e8189bc36ac3af8e0a4d01e91d156ec607c887aec7891f9,50806b950f4a05b72e8189bc36ac3af8e0a4d01e91d156ec607c887aec7891f9,True,normal,none
5.0,50806b950f4a05b72e8189bc36ac3af8e0a4d01e91d156ec607c887aec7891f9,50806b950f4a05b72e8189bc36ac3af8e0a4d01e91d156ec607c887aec7891f9,True,normal,none
6.0,50806b950f4a05b72e8189bc36ac3af8e0a4d01e91d156ec607c887aec7891f9,50806b950f4a05b72e8189bc36ac3af8e0a4d01e91d156ec607c887aec7891f9,True,normal,none
7.0,50806b950f4a05b72e8189bc36ac3af8e0a4d01e91d156ec607c887aec7891f9,50806b950f4a05b72e8189bc36ac3af8e0a4d01e91d156ec607c887aec7891f9,True,normal,none
8.0,50806b950f4a05b72e8189bc36ac3af8e0a4d01e91d156ec607c887aec7891f9,50806b950f4a05b72e8189bc36ac3af8e0a4d01e91d156ec607c887aec7891f9,True,normal,none
9.0,50806b950f4a05b72e8189bc36ac3af8e0a4d01e91d156ec607c887aec7891f9,50806b950f4a05b72e8189bc36ac3af8e0a4d01e91d156ec607c887aec7891f9,True,normal,none
10.0,50806b950f4a05b72e8189bc36ac3af8e0a4d01e91d156ec607c887aec7891f9,50806b950f4a05b72e8189bc36ac3af8e0a4d01e91d156ec607c887aec7891f9,True,normal,none
11.0,50806b950f4a05b72e8189bc36ac3af8e0a4d01e91d156ec607c887aec7891f9,50806b950f4a05b72e8189bc36ac3af8e0a4d01e91d156ec607c887aec7891f9,True,normal,none
12.0,50806b950f4a05b72e8189bc36ac3af8e0a4d01e91d156ec607c887aec7891f9,50806b950f4a05b72e8189bc36ac3af8e0a4d01e91d156ec607c887aec7891f9,True,normal,none
13.0,50806b950f4a05b72e8189bc36ac3af8e0a4d01e91d156ec607c887aec7891f9,50806b950f4a05b72e8189bc36ac3af8e0a4d01e91d156ec607c887aec7891f9,True,normal,none
14.0,50806b950f4a05b72e8189bc36ac3af8e0a4d01e91d156ec607c887aec7891f9,50806b950f4a05b72e8189bc36ac3af8e0a4d01e91d156ec607c887aec7891f9,True,normal,none
15.0,50806b950f4a05b72e8189bc36ac3af8e0a4d01e91d156ec607c887aec7891f9,50806b950f4a05b72e8189bc36ac3af8e0a4d01e91d156ec607c887aec7891f9,True,normal,none
16.0,50806b950f4a05b72e8189bc36ac3af8e0a4d01e91d156ec607c887aec7891f9,50806b950f4a05b72e8189bc36ac3af8e0a4d01e91d156ec607c887aec7891f9,True,normal,none
17.0,50806b950f4a05b72e8189bc36ac3af8e0a4d01e91d156ec607c887aec7891f9,50806b950f4a05b72e8189bc36ac3af8e0a4d01e91d156ec607c887aec7891f9,True,normal,none
18.0,50806b950f4a05b72e8189bc36ac3af8e0a4d01e91d156ec607c887aec7891f9,50806b950f4a05b72e8189bc36ac3af8e0a4d01e91d156ec607c887aec7891f9,True,normal,none
19.0,50806b950f4a05b72e8189bc36ac3af8e0a4d01e91d156ec607c887aec7891f9,50806b950f4a05b72e8189bc36ac3af8e0a4d01e91d156ec607c887aec7891f9,True,normal,none
20.0,50806b950f4a05b72e8189bc36ac3af8e0a4d01e91d156ec607c887aec7891f9,50806b950f4a05b72e8189bc36ac3af8e0a4d01e91d156ec607c887aec7891f9,True,normal,none
21.0,50806b950f4a05b72e8189bc36ac3af8e0a4d01e91d156ec607c887aec7891f9,50806b950f4a05b72e8189bc36ac3af8e0a4d01e91d156ec607c887aec7891f9,True,normal,none
22.0,50806b950f4a05b72e8189bc36ac3af8e0a4d01e91d156ec607c887aec7891f9,50806b950f4a05b72e8189bc36ac3af8e0a4d01e91d156ec607c887aec7891f9,True,normal,none
23.0,50806b950f4a05b72e8189bc36ac3af8e0a4d01e91d156ec607c887aec7891f9,50806b950f4a05b72e8189bc36ac3af8e0a4d01e91d156ec607c887aec7891f9,True,normal,none
24.0,50806b950f4a05b72e8189bc36ac3af8e0a4d01e91d156ec607c887aec7891f9,50806b950f4a05b72e8189bc36ac3af8e0a4d01e91d156ec607c887aec7891f9,True,normal,none
25.0,50806b950f4a05b72e8189bc36ac3af8e0a4d01e91d156ec607c887aec7891f9,50806b950f4a05b72e8189bc36ac3af8e0a4d01e91d156ec607c887aec7891f9,True,normal,none
26.0,50806b950f4a05b72e8189bc36ac3af8e0a4d01e91d156ec607c887aec7891f9,50806b950f4a05b72e8189bc36ac3af8e0a4d01e91d156ec607c887aec7891f9,True,normal,none
27.0,50806b950f4a05b72e8189bc36ac3af8e0a4d01e91d156ec607c887aec7891f9,50806b950f4a05b72e8189bc36ac3af8e0a4d01e91d156ec607c887aec7891f9,True,normal,none
28.0,50806b950f4a05b72e8189bc36ac3af8e0a4d01e91d156ec607c887aec7891f9,50806b950f4a05b72e8189bc36ac3af8e0a4d01e91d156ec607c887aec7891f9,True,normal,none
29.0,50806b950f4a05b72e8189bc36ac3af8e0a4d01e91d156ec607c887aec7891f9,50806b950f4a05b72e8189bc36ac3af8e0a4d01e91d156ec607c887aec7891f9,True,normal,none
30.0,50806b950f4a05b72e8189bc36ac3af8e0a4d01e91d156ec607c887aec7891f9,50806b950f4a05b72e8189bc36ac3af8e0a4d01e91d156ec607c887aec7891f9,True,normal,none
31.0,50806b950f4a05b72e8189bc36ac3af8e0a4d01e91d156ec607c887aec7891f9,50806b950f4a05b72e8189bc36ac3af8e0a4d01e91d156ec607c887aec7891f9,True,normal,none
32.0,50806b950f4a05b72e8189bc36ac3af8e0a4d01e91d156ec607c887aec7891f9,50806b950f4a05b72e8189bc36ac3af8e0a4d01e91d156ec607c887aec7891f9,True,normal,none
33.0,50806b950f4a05b72e8189bc36ac3af8e0a4d01e91d156ec607c887aec7891f9,50806b950f4a05b72e8189bc36ac3af8e0a4d01e91d156ec607c887aec7891f9,True,normal,none
34.0,50806b950f4a05b72e8189bc36ac3af8e0a4d01e91d156ec607c887aec7891f9,50806b950f4a05b72e8189bc36ac3af8e0a4d01e91d156ec607c887aec7891f9,True,normal,none
35.0,50806b950f4a05b72e8189bc36ac3af8e0a4d01e91d156ec607c887aec7891f9,50806b950f4a05b72e8189bc36ac3af8e0a4d01e91d156ec607c887aec7891f9,True,normal,none
36.0,50806b950f4a05b72e8189bc36ac3af8e0a4d01e91d156ec607c887aec7891f9,50806b950f4a05b72e8189bc36ac3af8e0a4d01e91d156ec607c887aec7891f9,True,normal,none
37.0,50806b950f4a05b72e8189bc36ac3af8e0a4d01e91d156ec607c887aec7891f9,50806b950f4a05b72e8189bc36ac3af8e0a4d01e91d156ec607c887aec7891f9,True,normal,none
38.0,50806b950f4a05b72e8189bc36ac3af8e0a4d01e91d156ec607c887aec7891f9,50806b950f4a05b72e8189bc36ac3af8e0a4d01e91d156ec607c887aec7891f9,True,normal,none
39.0,50806b950f4a05b72e8189bc36ac3af8e0a4d01e91d156ec607c887aec7891f9,50806b950f4a05b72e8189bc36ac3af8e0a4d01e91d156ec607c887aec7891f9,True,normal,none
40.0,50806b950f4a05b72e8189bc36ac3af8e0a4d01e91d156ec607c887aec7891f9,50806b950f4a05b72e8189bc36ac3af8e0a4d01e91d156ec607c887aec7891f9,True,normal,none
41.0,50806b950f4a05b72e8189bc36ac3af8e0a4d01e91d156ec607c887aec7891f9,50806b950f4a05b72e8189bc36ac3af8e0a4d01e91d156ec607c887aec7891f9,True,normal,none
42.0,50806b950f4a05b72e8189bc36ac3af8e0a4d01e91d156ec607c887aec7891f9,50806b950f4a05b72e8189bc36ac3af8e0a4d01e91d156ec607c887aec7891f9,True,normal,none
43.0,50806b950f4a05b72e8189bc36ac3af8e0a4d01e91d156ec607c887aec7891f9,50806b950f4a05b72e8189bc36ac3af8e0a4d01e91d156ec607c887aec7891f9,True,normal,none
44.0,50806b950f4a05b72e8189bc36ac3af8e0a4d01e91d156ec607c887aec7891f9,50806b950f4a05b72e8189bc36ac3af8e0a4d01e91d156ec607c887aec7891f9,True,normal,none
45.0,50806b950f4a05b72e8189bc36ac3af8e0a4d01e91d156ec607c887aec7891f9,50806b950f4a05b72e8189bc36ac3af8e0a4d01e91d156ec607c887aec7891f9,True,normal,none
46.0,50806b950f4a05b72e8189bc36ac3af8e0a4d01e91d156ec607c887aec7891f9,50806b950f4a05b72e8189bc36ac3af8e0a4d01e91d156ec607c887aec7891f9,True,normal,none
47.0,50806b950f4a05b72e8189bc36ac3af8e0a4d01e91d156ec607c887aec7891f9,50806b950f4a05b72e8189bc36ac3af8e0a4d01e91d156ec607c887aec7891f9,True,normal,none
48.0,50806b950f4a05b72e8189bc36ac3af8e0a4d01e91d156ec607c887aec7891f9,50806b950f4a05b72e8189bc36ac3af8e0a4d01e91d156ec607c887aec7891f9,True,normal,none
49.0,50806b950f4a05b72e8189bc36ac3af8e0a4d01e91d156ec607c887aec7891f9,50806b950f4a05b72e8189bc36ac3af8e0a4d01e91d156ec607c887aec7891f9,True,normal,none
50.0,50806b950f4a05b72e8189bc36ac3af8e0a4d01e91d156ec607c887aec7891f9,50806b950f4a05b72e8189bc36ac3af8e0a4d01e91d156ec607c887aec7891f9,True,normal,none
51.0,50806b950f4a05b72e8189bc36ac3af8e0a4d01e91d156ec607c887aec7891f9,50806b950f4a05b72e8189bc36ac3af8e0a4d01e91d156ec607c887aec7891f9,True,normal,none
52.0,50806b950f4a05b72e8189bc36ac3af8e0a4d01e91d156ec607c887aec7891f9,50806b950f4a05b72e8189bc36ac3af8e0a4d01e91d156ec607c887aec7891f9,True,normal,none
53.0,50806b950f4a05b72e8189bc36ac3af8e0a4d01e91d156ec607c887aec7891f9,50806b950f4a05b72e8189bc36ac3af8e0a4d01e91d156ec607c887aec7891f9,True,normal,none
54.0,50806b950f4a05b72e8189bc36ac3af8e0a4d01e91d156ec607c887aec7891f9,50806b950f4a05b72e8189bc36ac3af8e0a4d01e91d156ec607c887aec7891f9,True,normal,none
55.0,50806b950f4a05b72e8189bc36ac3af8e0a4d01e91d156ec607c887aec7891f9,50806b950f4a05b72e8189bc36ac3af8e0a4d01e91d156ec607c887aec7891f9,True,normal,none
56.0,50806b950f4a05b72e8189bc36ac3af8e0a4d01e91d156ec607c887aec7891f9,50806b950f4a05b72e8189bc36ac3af8e0a4d01e91d156ec607c887aec7891f9,True,normal,none
57.0,50806b950f4a05b72e8189bc36ac3af8e0a4d01e91d156ec607c887aec7891f9,50806b950f4a05b72e8189bc36ac3af8e0a4d01e91d156ec607c887aec7891f9,True,normal,none
58.0,50806b950f4a05b72e8189bc36ac3af8e0a4d01e91d156ec607c887aec7891f9,50806b950f4a05b72e8189bc36ac3af8e0a4d01e91d156ec607c887aec7891f9,True,normal,none
59.0,50806b950f4a05b72e8189bc36ac3af8e0a4d01e91d156ec607c887aec7891f9,50806b950f4a05b72e8189bc36ac3af8e0a4d01e91d156ec607c887aec7891f9,True,normal,none
60.0,50806b950f4a05b72e8189bc36ac3af8e0a4d01e91d156ec607c887aec7891f9,50806b950f4a05b72e8189bc36ac3af8e0a4d01e91d156ec607c887aec7891f9,True,normal,none
61.0,50806b950f4a05b72e8189bc36ac3af8e0a4d01e91d156ec607c887aec7891f9,50806b950f4a05b72e8189bc36ac3af8e0a4d01e91d156ec607c887aec7891f9,True,normal,none
62.0,50806b950f4a05b72e8189bc36ac3af8e0a4d01e91d156ec607c887aec7891f9,50806b950f4a05b72e8189bc36ac3af8e0a4d01e91d156ec607c887aec7891f9,True,normal,none
63.0,50806b950f4a05b72e8189bc36ac3af8e0a4d01e91d156ec607c887aec7891f9,50806b950f4a05b72e8189bc36ac3af8e0a4d01e91d156ec607c887aec7891f9,True,normal,none
64.0,50806b950f4a05b72e8189bc36ac3af8e0a4d01e91d156ec607c887aec7891f9,50806b950f4a05b72e8189bc36ac3af8e0a4d01e91d156ec607c887aec7891f9,True,normal,none
65.0,3b07f9fc642933f9781a6cc0e3c06f3d11565248cab6403fb6d071ecf284b49b,50806b950f4a05b72e8189bc36ac3af8e0a4d01e91d156ec607c887aec7891f9,False,attack,firmware_integrity
66.0,3b07f9fc642933f9781a6cc0e3c06f3d11565248cab6403fb6d071ecf284b49b,50806b950f4a05b72e8189bc36ac3af8e0a4d01e91d156ec607c887aec7891f9,False,attack,firmware_integrity
67.0,3b07f9fc642933f9781a6cc0e3c06f3d11565248cab6403fb6d071ecf284b49b,50806b950f4a05b72e8189bc36ac3af8e0a4d01e91d156ec607c887aec7891f9,False,attack,firmware_integrity
68.0,3b07f9fc642933f9781a6cc0e3c06f3d11565248cab6403fb6d071ecf284b49b,50806b950f4a05b72e8189bc36ac3af8e0a4d01e91d156ec607c887aec7891f9,False,attack,firmware_integrity
69.0,3b07f9fc642933f9781a6cc0e3c06f3d11565248cab6403fb6d071ecf284b49b,50806b950f4a05b72e8189bc36ac3af8e0a4d01e91d156ec607c887aec7891f9,False,attack,firmware_integrity
70.0,50806b950f4a05b72e8189bc36ac3af8e0a4d01e91d156ec607c887aec7891f9,50806b950f4a05b72e8189bc36ac3af8e0a4d01e91d156ec607c887aec7891f9,True,normal,none
71.0,50806b950f4a05b72e8189bc36ac3af8e0a4d01e91d156ec607c887aec7891f9,50806b950f4a05b72e8189bc36ac3af8e0a4d01e91d156ec607c887aec7891f9,True,normal,none
72.0,50806b950f4a05b72e8189bc36ac3af8e0a4d01e91d156ec607c887aec7891f9,50806b950f4a05b72e8189bc36ac3af8e0a4d01e91d156ec607c887aec7891f9,True,normal,none
73.0,50806b950f4a05b72e8189bc36ac3af8e0a4d01e91d156ec607c887aec7891f9,50806b950f4a05b72e8189bc36ac3af8e0a4d01e91d156ec607c887aec7891f9,True,normal,none
74.0,50806b950f4a05b72e8189bc36ac3af8e0a4d01e91d156ec607c887aec7891f9,50806b950f4a05b72e8189bc36ac3af8e0a4d01e91d156ec607c887aec7891f9,True,normal,none
75.0,50806b950f4a05b72e8189bc36ac3af8e0a4d01e91d156ec607c887aec7891f9,50806b950f4a05b72e8189bc36ac3af8e0a4d01e91d156ec607c887aec7891f9,True,normal,none
76.0,50806b950f4a05b72e8189bc36ac3af8e0a4d01e91d156ec607c887aec7891f9,50806b950f4a05b72e8189bc36ac3af8e0a4d01e91d156ec607c887aec7891f9,True,normal,none
77.0,50806b950f4a05b72e8189bc36ac3af8e0a4d01e91d156ec607c887aec7891f9,50806b950f4a05b72e8189bc36ac3af8e0a4d01e91d156ec607c887aec7891f9,True,normal,none
78.0,50806b950f4a05b72e8189bc36ac3af8e0a4d01e91d156ec607c887aec7891f9,50806b950f4a05b72e8189bc36ac3af8e0a4d01e91d156ec607c887aec7891f9,True,normal,none
79.0,50806b950f4a05b72e8189bc36ac3af8e0a4d01e91d156ec607c887aec7891f9,50806b950f4a05b72e8189bc36ac3af8e0a4d01e91d156ec607c887aec7891f9,True,normal,none
80.0,50806b950f4a05b72e8189bc36ac3af8e0a4d01e91d156ec607c887aec7891f9,50806b950f4a05b72e8189bc36ac3af8e0a4d01e91d156ec607c887aec7891f9,True,normal,none
81.0,50806b950f4a05b72e8189bc36ac3af8e0a4d01e91d156ec607c887aec7891f9,50806b950f4a05b72e8189bc36ac3af8e0a4d01e91d156ec607c887aec7891f9,True,normal,none
82.0,50806b950f4a05b72e8189bc36ac3af8e0a4d01e91d156ec607c887aec7891f9,50806b950f4a05b72e8189bc36ac3af8e0a4d01e91d156ec607c887aec7891f9,True,normal,none
83.0,50806b950f4a05b72e8189bc36ac3af8e0a4d01e91d156ec607c887aec7891f9,50806b950f4a05b72e8189bc36ac3af8e0a4d01e91d156ec607c887aec7891f9,True,normal,none
84.0,50806b950f4a05b72e8189bc36ac3af8e0a4d01e91d156ec607c887aec7891f9,50806b950f4a05b72e8189bc36ac3af8e0a4d01e91d156ec607c887aec7891f9,True,normal,none
85.0,50806b950f4a05b72e8189bc36ac3af8e0a4d01e91d156ec607c887aec7891f9,50806b950f4a05b72e8189bc36ac3af8e0a4d01e91d156ec607c887aec7891f9,True,normal,none
86.0,50806b950f4a05b72e8189bc36ac3af8e0a4d01e91d156ec607c887aec7891f9,50806b950f4a05b72e8189bc36ac3af8e0a4d01e91d156ec607c887aec7891f9,True,normal,none
87.0,50806b950f4a05b72e8189bc36ac3af8e0a4d01e91d156ec607c887aec7891f9,50806b950f4a05b72e8189bc36ac3af8e0a4d01e91d156ec607c887aec7891f9,True,normal,none
88.0,50806b950f4a05b72e8189bc36ac3af8e0a4d01e91d156ec607c887aec7891f9,50806b950f4a05b72e8189bc36ac3af8e0a4d01e91d156ec607c887aec7891f9,True,normal,none
89.0,50806b950f4a05b72e8189bc36ac3af8e0a4d01e91d156ec607c887aec7891f9,50806b950f4a05b72e8189bc36ac3af8e0a4d01e91d156ec607c887aec7891f9,True,normal,none
