t_us,seq,hb_present,hb_system_status,gpos_lat,gpos_lon,gpos_alt,gpos_vx,gpos_vy,gpos_vz,gpos_hdg,gps_fix_type,gps_lat,gps_lon,gps_alt,gps_vel,gps_sats,att_roll,att_pitch,att_yaw,sys_load,sys_batt_v,sys_batt_remaining,gt_label,gt_attack_type
1790202054400000,0,1,4,19.1333999,72.9133,0.067,0.0,0.0,0.67,163.66,3,19.1333999,72.9133,0.067,0.0,12,5.523477236216859e-05,-0.15,2.856568647407648,30.0,12.4,80,normal,none
1790202054500000,1,1,4,19.1333999,72.9133,0.194,0.0,-0.01,1.27,157.21,3,19.1333999,72.9133,0.194,0.01,12,0.0001604353658345493,-0.15,2.7438609149766604,30.0,12.4,80,normal,none
1790202054600000,2,1,4,19.1333999,72.9133,0.378,0.0,-0.01,1.83,157.28,3,19.1333999,72.9133,0.378,0.01,12,0.00016396824018039525,-0.15,2.7452148253574324,30.0,12.4,80,normal,none
1790202054700000,3,1,4,19.1333999,72.9133,0.613,0.0,0.0,2.35,171.3,3,19.1333999,72.9133,0.613,0.0,12,9.411898885809053e-05,-0.14565879905567777,2.9897774417003737,30.0,12.4,80,normal,none
1790202054800000,4,1,4,19.1333999,72.9133,0.895,0.0,0.0,2.82,149.08,3,19.1333999,72.9133,0.895,0.0,12,3.126111991838711e-05,-0.13476909106500673,2.6020170739044666,30.0,12.4,80,normal,none
1790202054900000,5,1,4,19.1333999,72.9133,1.221,0.0,0.0,3.25,260.92,3,19.1333999,72.9133,1.221,0.0,12,2.984029948232457e-05,-0.12300739627182328,4.553923434922668,30.0,12.4,80,normal,none
1790202055000000,6,1,4,19.1333999,72.9133,1.585,0.0,0.0,3.64,108.27,3,19.1333999,72.9133,1.585,0.0,12,1.8359701847856056e-05,-0.11476792244115237,1.8897299252538724,30.0,12.4,80,normal,none
1790202055100000,7,1,4,19.1333999,72.9133,1.986,0.0,0.0,4.0,341.82,3,19.1333999,72.9133,1.986,0.0,12,6.122119365932377e-05,-0.10605172453877959,5.965931269000556,30.0,12.4,80,normal,none
1790202055200000,8,1,4,19.1333999,72.9133,2.421,0.0,0.0,4.34,312.52,3,19.1333999,72.9133,2.421,0.0,12,5.3827631811671894e-05,-0.09879368476910831,5.454545739137925,30.0,12.4,80,normal,none
1790202055300000,9,1,4,19.1333999,72.9133,2.886,0.0,0.0,4.65,341.99,3,19.1333999,72.9133,2.886,0.0,12,5.8172489450222585e-05,-0.09093642217880617,5.9689148854523735,30.0,12.4,80,normal,none
1790202055400000,10,1,4,19.1333999,72.9133,3.378,0.0,0.0,4.92,71.56,3,19.1333999,72.9133,3.378,0.0,12,9.746942323470389e-05,-0.08242805071340592,1.2491103175371039,30.0,12.4,80,normal,none
1790202055500000,11,1,4,19.1333999,72.9133,3.897,0.0,0.0,5.18,35.35,3,19.1333999,72.9133,3.897,0.0,12,7.40552080242981e-05,-0.07820795316286475,0.6170218430757045,30.0,12.4,80,normal,none
1790202055600000,12,1,4,19.1333999,72.9133,4.439,0.0,0.0,5.41,68.2,3,19.1333999,72.9133,4.439,0.0,12,3.54482186316475e-05,-0.06912335934971105,1.1903959192614055,30.0,12.4,80,normal,none
1790202055700000,13,1,4,19.1333999,72.9133,5.003,0.0,0.0,5.63,51.11,3,19.1333999,72.9133,5.003,0.0,12,8.051694489800527e-05,-0.06553705649586473,0.8921670526199837,30.0,12.4,80,normal,none
1790202055800000,14,1,4,19.1333999,72.9133,5.586,0.0,0.0,5.83,21.16,3,19.1333999,72.9133,5.586,0.0,12,6.287746324171413e-05,-0.059601085609158985,0.36933092505409815,30.0,12.4,80,normal,none
1790202055900000,15,1,4,19.1333999,72.9133,6.188,0.0,0.0,6.01,17.48,3,19.1333999,72.9133,6.188,0.01,12,0.00010326551156724367,-0.054906733512830465,0.3052557349434466,30.0,12.4,80,normal,none
1790202056000000,16,1,4,19.1334,72.9133,6.806,0.0,0.0,6.18,33.47,3,19.1334,72.9133,6.806,0.01,12,0.0001124401589645313,-0.05051799931474541,0.5843037596163321,30.0,12.4,80,normal,none
1790202056100000,17,1,4,19.1334,72.9133,7.439,0.0,0.0,6.33,82.54,3,19.1334,72.9133,7.439,0.0,12,8.854641973244981e-05,-0.04546864080124465,1.4406540680789464,30.0,12.4,80,normal,none
1790202056200000,18,1,4,19.1334,72.9133,8.087,0.0,0.0,6.47,112.05,3,19.1334,72.9133,8.087,0.0,12,5.932202515876069e-05,-0.04179721330183785,1.955803829347966,30.0,12.4,80,normal,none
1790202056300000,19,1,4,19.1333999,72.9133,8.747,0.01,0.0,6.6,117.4,3,19.1333999,72.9133,8.747,0.01,12,0.00014064047939473074,-0.04022245358427809,2.0491759752287075,30.0,12.4,80,normal,none
1790202056400000,20,1,4,19.1333999,72.9133,9.419,0.0,0.0,6.71,160.87,3,19.1333999,72.9133,9.419,0.0,12,8.087009138048407e-05,-0.03569205576132257,2.8078796885468225,30.0,12.4,80,normal,none
1790202056500000,21,1,4,19.1333999,72.9133,10.102,0.0,0.0,6.83,122.91,3,19.1333999,72.9133,10.102,0.0,12,6.172324668055218e-05,-0.03369477261543059,2.145197354886092,30.0,12.4,80,normal,none
1790202056600000,22,1,4,19.1333999,72.9133,10.795,0.0,0.0,6.93,153.29,3,19.1333999,72.9133,10.795,0.0,12,6.03696243108466e-05,-0.03100536113148551,2.675524291850453,30.0,12.4,80,normal,none
1790202056700000,23,1,4,19.1333999,72.9133,11.497,0.0,-0.01,7.01,173.81,3,19.1333999,72.9133,11.497,0.01,12,0.00011454505222795354,-0.025417469316184722,3.0337166592568314,30.0,12.4,80,normal,none
1790202056800000,24,1,4,19.1333999,72.9133,12.206,0.0,0.0,7.09,206.25,3,19.1333999,72.9133,12.206,0.0,12,8.701752856326364e-05,-0.02524611967305,3.599818490488672,30.0,12.4,80,normal,none
1790202056900000,25,1,4,19.1333999,72.9133,12.924,0.0,0.0,7.17,181.86,3,19.1333999,72.9133,12.924,0.0,12,9.202080835540859e-05,-0.023175486668576117,3.174198895008822,30.0,12.4,80,normal,none
1790202057000000,26,1,4,19.1333999,72.9133,13.648,0.0,0.0,7.24,165.12,3,19.1333999,72.9133,13.648,0.0,12,0.00010172702689793803,-0.021704621822596363,2.8819466732356935,30.0,12.4,80,normal,none
1790202057100000,27,1,4,19.1333999,72.9133,14.379,0.0,-0.01,7.3,186.99,3,19.1333999,72.9133,14.379,0.01,12,0.00010719040038365739,-0.0186245880431781,3.2636873103589106,30.0,12.4,80,normal,none
1790202057200000,28,1,4,19.1333999,72.9133,15.115,0.0,0.0,7.36,227.49,3,19.1333999,72.9133,15.115,0.01,12,0.00010346526417947486,-0.016942420248694776,3.970473459705307,30.0,12.4,80,normal,none
1790202057300000,29,1,4,19.1333999,72.9133,15.857,0.0,0.0,7.41,243.36,3,19.1333999,72.9133,15.857,0.0,12,8.105937277468295e-05,-0.0169295964109608,4.247555473431628,30.0,12.4,80,normal,none
1790202057400000,30,1,4,19.1333999,72.9133,16.603,0.0,0.0,7.46,225.62,3,19.1333999,72.9133,16.603,0.0,12,4.967889143501521e-05,-0.014194671678251704,3.9379582061605642,30.0,12.4,80,normal,none
1790202057500000,31,1,4,19.1333999,72.9133,17.353,0.0,-0.01,7.5,199.17,3,19.1333999,72.9133,17.353,0.01,12,0.00012057808455937763,-0.011450466373405651,3.476312858629744,30.0,12.4,80,normal,none
1790202057600000,32,1,4,19.1333999,72.9133,18.108,-0.01,-0.01,7.54,215.34,3,19.1333999,72.9133,18.108,0.01,12,0.0001844215001382236,-0.01331657789733854,3.758492290598724,30.0,12.4,80,normal,none
1790202057700000,33,1,4,19.1333998,72.9133,18.867,-0.01,-0.01,7.58,224.09,3,19.1333998,72.9133,18.867,0.02,12,0.0002105513459918137,-0.01358089157792954,3.911138021669256,30.0,12.4,80,normal,none
1790202057800000,34,1,4,19.1333998,72.9133,19.629,-0.01,0.0,7.61,238.71,3,19.1333998,72.9133,19.629,0.01,12,0.00018056582816177824,-0.009040755007887553,4.166291390256814,30.0,12.4,80,normal,none
1790202057900000,35,1,4,19.1333998,72.9133,20.393,-0.01,-0.01,7.64,230.51,3,19.1333998,72.9133,20.393,0.01,12,0.0001981323346746705,-0.009196103926777558,4.023199561242757,30.0,12.4,80,normal,none
1790202058000000,36,1,4,19.1333998,72.9132999,21.161,0.0,-0.01,7.68,206.69,3,19.1333998,72.9132999,21.161,0.02,12,0.00021670048155283963,-0.009611708450200582,3.60751554855992,30.0,12.4,80,normal,none
1790202058100000,37,1,4,19.1333998,72.9132999,21.931,0.0,-0.01,7.69,201.34,3,19.1333998,72.9132999,21.931,0.02,12,0.0002098949674111195,-0.005937504435008078,3.5141537050667355,30.0,12.4,80,normal,none
1790202058200000,38,1,4,19.1333998,72.9132999,22.704,0.0,-0.01,7.72,198.76,3,19.1333998,72.9132999,22.704,0.01,12,0.00020188099252456553,-0.008008221038173674,3.4690832409078642,30.0,12.4,80,normal,none
1790202058300000,39,1,4,19.1333998,72.9132999,23.479,0.0,0.0,7.74,216.79,3,19.1333998,72.9132999,23.479,0.0,12,9.391159982286198e-05,-0.006619525479631712,3.7837931515652956,30.0,12.4,80,normal,none
1790202058400000,40,1,4,19.1333998,72.9132999,24.256,0.0,0.0,7.76,249.09,3,19.1333998,72.9132999,24.256,0.01,12,0.00010782590256966087,-0.006769839208379634,4.347613091329936,30.0,12.4,80,normal,none
1790202058500000,41,1,4,19.1333998,72.9132999,25.035,0.0,0.0,7.79,329.95,3,19.1333998,72.9132999,25.035,0.0,12,3.693080527147095e-05,-0.00641468518939382,5.758798257681867,30.0,12.4,80,normal,none
1790202058600000,42,1,4,19.1333998,72.9132999,25.815,0.0,0.0,7.8,92.88,3,19.1333998,72.9132999,25.815,0.0,12,6.32488721140425e-05,-0.004356408055121786,1.6210859000626494,30.0,12.4,80,normal,none
1790202058700000,43,1,4,19.1333998,72.9132999,26.597,0.0,0.0,7.81,56.82,3,19.1333998,72.9132999,26.597,0.0,12,1.940325806942033e-05,-0.002866037022623482,0.991862119479311,30.0,12.4,80,normal,none
1790202058800000,44,1,4,19.1333998,72.9132999,27.379,0.0,0.0,7.82,53.86,3,19.1333998,72.9132999,27.379,0.0,12,6.659058580897136e-05,-0.0024820607097712057,0.9401702742924272,30.0,12.4,80,normal,none
1790202058900000,45,1,4,19.1333998,72.9132999,28.163,0.0,0.01,7.84,2.55,3,19.1333998,72.9132999,28.163,0.01,12,0.00010413292595119384,-0.005802714957626358,0.04455877287317643,30.0,12.4,80,normal,none
1790202059000000,46,1,4,19.1333998,72.9133006,28.883,0.67,0.02,7.2,87.96,3,19.1333998,72.9133006,28.883,0.67,12,0.006894074017342371,0.15,1.5352827941804157,30.0,12.4,80,normal,none
1790202059100000,47,1,4,19.1333998,72.9133018,29.544,1.28,0.01,6.61,89.48,3,19.1333998,72.9133018,29.544,1.28,12,0.012997373829000276,0.15,1.5618295068433508,30.0,12.4,80,normal,none
1790202059200000,48,1,4,19.1333998,72.9133035,30.15,1.83,0.0,6.05,89.73,3,19.1333998,72.9133035,30.15,1.83,12,0.018521085663752677,0.15,1.5661355833505488,30.0,12.4,80,normal,none
1790202059300000,49,1,4,19.1333998,72.9133058,30.706,2.35,0.01,5.55,89.67,3,19.1333998,72.9133058,30.706,2.35,12,0.023519784852598348,0.14267195513726796,1.5651469990586917,30.0,12.4,80,normal,none
1790202059400000,50,1,4,19.1333998,72.9133085,31.214,2.82,0.0,5.07,89.85,3,19.1333998,72.9133085,31.214,2.82,12,0.02799832515322197,0.13552545069968863,1.5682846677372728,30.0,12.4,80,normal,none
1790202059500000,51,1,4,19.1333998,72.9133116,31.679,3.24,0.0,4.65,89.88,3,19.1333998,72.9133116,31.679,3.24,12,0.03199010019550613,0.1220146028277342,1.5688546396428746,30.0,12.4,80,normal,none
1790202059600000,52,1,4,19.1333999,72.913315,32.105,3.64,0.01,4.25,89.83,3,19.1333999,72.913315,32.105,3.64,12,0.03558641960692349,0.11663222503165491,1.5678401870079348,30.0,12.4,80,normal,none
1790202059700000,53,1,4,19.1333999,72.9133188,32.493,4.0,0.0,3.88,89.92,3,19.1333999,72.9133188,32.493,4.0,12,0.038742807631485056,0.10884386843434006,1.5695150761500811,30.0,12.4,80,normal,none
1790202059800000,54,1,4,19.1333999,72.913323,32.847,4.34,0.0,3.54,89.99,3,19.1333999,72.913323,32.847,4.34,12,0.04170741110186718,0.09906350403325091,1.5706433072156172,30.0,12.4,80,normal,none
1790202059900000,55,1,4,19.1333999,72.9133274,33.171,4.64,0.0,3.23,89.93,3,19.1333999,72.9133274,33.171,4.64,12,0.044231725029999,0.09265308973218932,1.5696474204074768,30.0,12.4,80,normal,none
1790202060000000,56,1,4,19.1333999,72.9133321,33.465,4.92,0.0,2.93,89.94,3,19.1333999,72.9133321,33.465,4.92,12,0.04652370322792895,0.08746955134848697,1.5698304468311857,30.0,12.4,80,normal,none
1790202060100000,57,1,4,19.1333999,72.913337,33.731,5.18,0.0,2.66,89.97,3,19.1333999,72.913337,33.731,5.18,12,0.048602841748918046,0.08195641493324769,1.570381597975105,30.0,12.4,80,normal,none
1790202060200000,58,1,4,19.1333999,72.9133422,33.973,5.41,0.0,2.42,89.96,3,19.1333999,72.9133422,33.973,5.41,12,0.05,0.07195546267194385,1.5702610278547178,30.0,12.4,80,normal,none
1790202060300000,59,1,4,19.1333999,72.9133475,34.193,5.62,0.0,2.19,89.97,3,19.1333999,72.9133475,34.193,5.62,12,0.05,0.06857205021034542,1.5704189970753928,30.0,12.4,80,normal,none
1790202060400000,60,1,4,19.1333999,72.9133531,34.391,5.83,0.0,1.98,89.96,3,19.1333999,72.9133531,34.391,5.83,12,0.05,0.06454623030293338,1.5702640496879157,30.0,12.4,80,normal,none
1790202060500000,61,1,4,19.1333999,72.9133588,34.57,6.01,0.0,1.79,89.95,3,19.1333999,72.9133588,34.57,6.01,12,0.05,0.056910153571753504,1.569957394905505,30.0,12.4,80,normal,none
1790202060600000,62,1,4,19.1333999,72.9133647,34.73,6.18,0.0,1.6,90.01,3,19.1333999,72.9133647,34.73,6.18,12,0.05,0.056995783990366165,1.571029428411089,30.0,12.4,80,normal,none
1790202060700000,63,1,4,19.1333999,72.9133707,34.874,6.34,0.0,1.43,89.93,3,19.1333999,72.9133707,34.874,6.34,12,0.05,0.050985012189794246,1.5696364160754128,30.0,12.4,80,normal,none
1790202060800000,64,1,4,19.1333999,72.9133769,35.002,6.47,0.01,1.27,89.87,3,19.1333999,72.9133769,35.002,6.47,12,0.05,0.04856644339319079,1.5686189383167461,30.0,12.4,80,normal,none
1790202060900000,65,1,4,19.1333999,72.9133832,35.115,6.59,0.01,1.13,89.85,3,19.1333999,72.9133832,35.115,6.59,12,0.05,0.04386457743128142,1.5683432581970607,30.0,12.4,80,normal,none
1790202061000000,66,1,4,19.1333999,72.9133896,35.215,6.71,0.01,1.0,89.88,3,19.1333999,72.9133896,35.215,6.71,12,0.05,0.03948046413628596,1.568703693508884,30.0,12.4,80,normal,none
1790202061100000,67,1,4,19.1333999,72.9133961,35.303,6.82,0.01,0.88,89.88,3,19.1333999,72.9133961,35.303,6.82,12,0.05,0.036066054473557284,1.5688405709230147,30.0,12.4,80,normal,none
1790202061200000,68,1,4,19.1333999,72.9134026,35.379,6.91,0.01,0.76,89.9,3,19.1333999,72.9134026,35.379,6.91,12,0.05,0.03561420956465141,1.5690596792417992,30.0,12.4,80,normal,none
1790202061300000,69,1,4,19.1334,72.9134093,35.445,6.99,0.0,0.65,89.94,3,19.1334,72.9134093,35.445,6.99,12,0.05,0.032164996005141604,1.5698507353951876,30.0,12.4,80,normal,none
1790202061400000,70,1,4,19.1334,72.913416,35.502,7.08,0.0,0.56,90.0,3,19.1334,72.913416,35.502,7.08,12,0.05,0.02919560176350819,1.5708769763703763,30.0,12.4,80,normal,none
1790202061500000,71,1,4,19.1334,72.9134228,35.55,7.15,0.0,0.48,90.01,3,19.1334,72.9134228,35.55,7.15,12,0.05,0.025530019969670515,1.5710988758435636,30.0,12.4,80,normal,none
1790202061600000,72,1,4,19.1334,72.9134297,35.59,7.22,0.0,0.39,89.96,3,19.1334,72.9134297,35.59,7.22,12,0.05,0.025384066493798912,1.5701458621925561,30.0,12.4,80,normal,none
1790202061700000,73,1,4,19.1334,72.9134367,35.622,7.28,0.0,0.32,89.97,3,19.1334,72.9134367,35.622,7.28,12,0.05,0.022874184421856,1.570359219453405,30.0,12.4,80,normal,none
1790202061800000,74,1,4,19.1334,72.9134437,35.647,7.34,0.0,0.25,90.01,3,19.1334,72.9134437,35.647,7.34,12,0.05,0.021392613954392493,1.5711379762633622,30.0,12.4,80,normal,none
1790202061900000,75,1,4,19.1334,72.9134507,35.667,7.39,0.01,0.19,89.92,3,19.1334,72.9134507,35.667,7.39,12,0.05,0.017068530837287075,1.5694069572479274,30.0,12.4,80,normal,none
1790202062000000,76,1,4,19.1334,72.9134578,35.679,7.44,0.0,0.12,89.93,3,19.1334,72.9134578,35.679,7.44,12,0.05,0.020902302133216838,1.5697251747651468,30.0,12.4,80,normal,none
1790202062100000,77,1,4,19.1334,72.9134649,35.687,7.48,0.0,0.07,89.93,3,19.1334,72.9134649,35.687,7.48,12,0.05,0.015249557909103043,1.5696118265514698,30.0,12.4,80,normal,none
1790202062200000,78,1,4,19.1334,72.9134721,35.689,7.52,0.0,0.01,89.96,3,19.1334,72.9134721,35.689,7.52,12,0.05,0.01923543835885469,1.570154349772716,30.0,12.4,80,normal,none
1790202062300000,79,1,4,19.1334,72.9134793,35.685,7.56,0.0,-0.03,90.0,3,19.1334,72.9134793,35.685,7.56,12,0.05,0.0153012199985304,1.570917512669983,30.0,12.4,80,normal,none
1790202062400000,80,1,4,19.1334,72.9134865,35.676,7.59,0.0,-0.08,90.01,3,19.1334,72.9134865,35.676,7.59,12,0.05,0.01602333299333542,1.5709731661569737,30.0,12.4,80,normal,none
1790202062500000,81,1,4,19.1334,72.9134937,35.663,7.61,0.0,-0.13,89.92,3,19.1334,72.9134937,35.663,7.61,12,0.05,0.014084361431446323,1.5695641124614825,30.0,12.4,80,normal,none
1790202062600000,82,1,4,19.1334,72.913501,35.648,7.64,0.01,-0.15,89.86,3,19.1334,72.913501,35.648,7.64,12,0.05,0.006611216768225316,1.5684735508791983,30.0,12.4,80,normal,none
1790202062700000,83,1,4,19.1334,72.9135083,35.629,7.66,0.01,-0.18,89.89,3,19.1334,72.9135083,35.629,7.66,12,0.05,0.010076758732081982,1.5689206057184766,30.0,12.4,80,normal,none
1790202062800000,84,1,4,19.1334,72.9135156,35.607,7.69,0.0,-0.22,89.93,3,19.1334,72.9135156,35.607,7.69,12,0.05,0.010227200290140254,1.5697343093005842,30.0,12.4,80,normal,none
1790202062900000,85,1,4,19.1334,72.913523,35.581,7.72,0.0,-0.25,89.92,3,19.1334,72.913523,35.581,7.72,12,0.05,0.00966245874752569,1.56955449752709,30.0,12.4,80,normal,none
1790202063000000,86,1,4,19.1334,72.9135304,35.553,7.74,0.0,-0.28,89.98,3,19.1334,72.9135304,35.553,7.74,12,0.05,0.008727906449050738,1.5705592075581836,30.0,12.4,80,normal,none
1790202063100000,87,1,4,19.1334,72.9135378,35.522,7.76,0.0,-0.3,89.97,3,19.1334,72.9135378,35.522,7.76,12,0.05,0.008560918879834595,1.570441022286727,30.0,12.4,80,normal,none
1790202063200000,88,1,4,19.1334,72.9135452,35.489,7.78,0.0,-0.33,89.94,3,19.1334,72.9135452,35.489,7.78,12,0.05,0.006831496838803348,1.5698324677273066,30.0,12.4,80,normal,none
1790202063300000,89,1,4,19.1334001,72.9135526,35.453,7.8,0.0,-0.35,89.94,3,19.1334001,72.9135526,35.453,7.8,12,0.05,0.006565368204661957,1.5698931680013326,30.0,12.4,80,normal,none
1790202063400000,90,1,4,19.1334001,72.91356,35.416,7.81,0.0,-0.37,89.94,3,19.1334001,72.91356,35.416,7.81,12,0.05,0.006228644358450986,1.5697804128901256,30.0,12.4,80,normal,none
1790202063500000,91,1,4,19.1334001,72.9135675,35.377,7.83,0.01,-0.39,89.89,3,19.1334001,72.9135675,35.377,7.83,12,0.05,0.00502852014402388,1.5688785973095636,30.0,12.4,80,normal,none
1790202063600000,92,1,4,19.1334001,72.913575,35.337,7.84,0.0,-0.4,89.94,3,19.1334001,72.913575,35.337,7.84,12,0.05,0.0034328602883485705,1.5697654062200872,30.0,12.4,80,normal,none
1790202063700000,93,1,4,19.1334001,72.9135824,35.294,7.85,0.0,-0.42,89.92,3,19.1334001,72.9135824,35.294,7.85,12,0.05,0.00768674017126348,1.569564680010644,30.0,12.4,80,normal,none
1790202063800000,94,1,4,19.1334001,72.9135899,35.249,7.87,0.01,-0.44,89.91,3,19.1334001,72.9135899,35.249,7.87,12,0.05,0.006124038749629606,1.569399522040861,30.0,12.4,80,normal,none
1790202063900000,95,1,4,19.1334001,72.9135974,35.203,7.87,0.01,-0.45,89.91,3,19.1334001,72.9135974,35.203,7.87,12,0.05,0.003878514511979791,1.5693698575835457,30.0,12.4,80,normal,none
1790202064000000,96,1,4,19.1334001,72.9136049,35.156,7.88,0.0,-0.47,89.93,3,19.1334001,72.9136049,35.156,7.88,12,0.05,0.00406052672153262,1.569577315665682,30.0,12.4,80,normal,none
1790202064100000,97,1,4,19.1334001,72.9136125,35.106,7.89,0.01,-0.49,89.88,3,19.1334001,72.9136125,35.106,7.89,12,0.05,0.00729708858350603,1.5687713173972788,30.0,12.4,80,normal,none
1790202064200000,98,1,4,19.1334001,72.91362,35.056,7.89,0.01,-0.5,89.88,3,19.1334001,72.91362,35.056,7.89,12,0.05,0.0023438837743156213,1.568855223443599,30.0,12.4,80,normal,none
1790202064300000,99,1,4,19.1334002,72.9136275,35.005,7.9,0.0,-0.51,89.96,3,19.1334002,72.9136275,35.005,7.9,12,0.05,0.0021289245266909946,1.5701570254690393,30.0,12.4,80,normal,none
1790202064400000,100,1,4,19.1334001,72.913635,34.953,7.91,0.0,-0.51,90.02,3,19.1334001,72.913635,34.953,7.91,12,0.05,0.0011601807682052585,1.5712085563902471,30.0,12.4,80,normal,none
1790202064500000,101,1,4,19.1334001,72.9136426,34.901,7.92,0.0,-0.52,90.02,3,19.1334001,72.9136426,34.901,7.92,12,0.05,0.004021841399814532,1.5712413619777992,30.0,12.4,80,normal,none
1790202064600000,102,1,4,19.1334001,72.9136501,34.847,7.92,0.0,-0.53,89.97,3,19.1334001,72.9136501,34.847,7.92,12,0.05,0.0012104702051008796,1.5704123921989648,30.0,12.4,80,normal,none
1790202064700000,103,1,4,19.1334002,72.9136577,34.794,7.93,0.0,-0.53,89.93,3,19.1334002,72.9136577,34.794,7.93,12,0.05,0.0013529492439979791,1.5697325234408221,30.0,12.4,80,normal,none
1790202064800000,104,1,4,19.1334002,72.9136653,34.74,7.94,0.0,-0.53,89.93,3,19.1334002,72.9136653,34.74,7.94,12,0.05,0.0006688855078886397,1.5695771934102742,30.0,12.4,80,normal,none
1790202064900000,105,1,4,19.1334002,72.9136728,34.685,7.95,0.0,-0.54,89.93,3,19.1334002,72.9136728,34.685,7.95,12,0.05,0.002968992785667144,1.5696694050532791,30.0,12.4,80,normal,none
1790202065000000,106,1,4,19.1334002,72.9136804,34.63,7.95,0.0,-0.55,89.98,3,19.1334002,72.9136804,34.63,7.95,12,0.05,0.0004799302576830954,1.5705385795293154,30.0,12.4,80,normal,none
1790202065100000,107,1,4,19.1334002,72.913688,34.575,7.95,0.0,-0.55,89.94,3,19.1334002,72.913688,34.575,7.95,12,0.05,0.0005091988736785565,1.5698589307615574,30.0,12.4,80,normal,none
1790202065200000,108,1,4,19.1334002,72.9136956,34.518,7.96,0.01,-0.56,89.92,3,19.1334002,72.9136956,34.518,7.96,12,0.05,0.004039512034864747,1.5695158635815674,30.0,12.4,80,normal,none
1790202065300000,109,1,4,19.1334002,72.9137031,34.461,7.96,0.0,-0.57,89.97,3,19.1334002,72.9137031,34.461,7.96,12,0.05,0.0021092530407084754,1.5703960868870568,30.0,12.4,80,normal,none
1790202065400000,110,1,4,19.1334002,72.9137107,34.403,7.97,0.0,-0.57,89.95,3,19.1334002,72.9137107,34.403,7.97,12,0.05,0.0022252010146812003,1.5700693095090785,30.0,12.4,80,normal,none
1790202065500000,111,1,4,19.1334002,72.9137183,34.344,7.97,0.0,-0.58,89.96,3,19.1334002,72.9137183,34.344,7.97,12,0.05,0.0028447784869999183,1.5701494139521568,30.0,12.4,80,normal,none
1790202065600000,112,1,4,19.1334002,72.9137259,34.286,7.96,0.0,-0.58,89.95,3,19.1334002,72.9137259,34.286,7.96,12,0.05,-0.0010084560249709756,1.570049207423742,30.0,12.4,80,normal,none
1790202065700000,113,1,4,19.1334002,72.9137335,34.227,7.97,0.0,-0.58,90.04,3,19.1334002,72.9137335,34.227,7.97,12,0.05,0.00038860402785961806,1.5715920876191778,30.0,12.4,80,normal,none
1790202065800000,114,1,4,19.1334002,72.9137411,34.169,7.97,0.0,-0.58,90.02,3,19.1334002,72.9137411,34.169,7.97,12,0.05,-0.0016377723680512863,1.5713091844767295,30.0,12.4,80,normal,none
1790202065900000,115,1,4,19.1334002,72.9137487,34.111,7.96,0.0,-0.58,90.05,3,19.1334002,72.9137487,34.111,7.96,12,0.05,8.069031444668135e-05,1.5716812587729936,30.0,12.4,80,normal,none
1790202066000000,116,1,4,19.1334002,72.9137562,34.053,7.95,0.0,-0.58,89.99,3,19.1334002,72.9137562,34.053,7.95,12,0.05,0.00042853908798193,1.5707233353846304,30.0,12.4,80,normal,none
1790202066100000,117,1,4,19.1334002,72.9137638,33.994,7.96,0.0,-0.58,90.01,3,19.1334002,72.9137638,33.994,7.96,12,0.05,-0.000274253795823085,1.571131355887324,30.0,12.4,80,normal,none
1790202066200000,118,1,4,19.1334002,72.9137714,33.936,7.96,0.0,-0.58,90.01,3,19.1334002,72.9137714,33.936,7.96,12,0.05,0.0006494109227426966,1.5710006282959426,30.0,12.4,80,normal,none
1790202066300000,119,1,4,19.1334002,72.913779,33.877,7.97,0.0,-0.58,90.04,3,19.1334002,72.913779,33.877,7.97,12,0.05,0.0011940366271727513,1.5715691023815164,30.0,12.4,80,normal,none
1790202066400000,120,1,4,19.1334002,72.9137866,33.819,7.97,0.0,-0.58,90.02,3,19.1334002,72.9137866,33.819,7.97,12,0.05,-0.0006461164914250098,1.571307863368319,30.0,12.4,80,normal,none
1790202066500000,121,1,4,19.1334002,72.9137942,33.76,7.96,0.0,-0.58,90.03,3,19.1334002,72.9137942,33.76,7.96,12,0.05,-0.001313690845802602,1.5713876738986003,30.0,12.4,80,normal,none
1790202066600000,122,1,4,19.1334002,72.9138017,33.702,7.96,0.0,-0.58,90.06,3,19.1334002,72.9138017,33.702,7.96,12,0.05,0.0007688174735840297,1.5718985151925349,30.0,12.4,80,normal,none
1790202066700000,123,1,4,19.1334002,72.9138093,33.644,7.96,0.0,-0.58,90.05,3,19.1334002,72.9138093,33.644,7.96,12,0.05,-0.0010013932829348493,1.5718415858634884,30.0,12.4,80,normal,none
1790202066800000,124,1,4,19.1334002,72.9138169,33.586,7.97,0.0,-0.58,90.02,3,19.1334002,72.9138169,33.586,7.97,12,0.05,0.000285565463540812,1.5712679343973177,30.0,12.4,80,normal,none
1790202066900000,125,1,4,19.1334002,72.9138245,33.526,7.98,0.0,-0.59,90.03,3,19.1334002,72.9138245,33.526,7.98,12,0.05,0.004191405044253576,1.5713984218065578,30.0,12.4,80,normal,none
1790202067000000,126,1,4,19.1334001,72.9138321,33.466,7.99,0.0,-0.59,90.05,3,19.1334001,72.9138321,33.466,7.99,12,0.05,0.0006280039454356709,1.5716758719848374,30.0,12.4,80,normal,none
1790202067100000,127,1,4,19.1334001,72.9138397,33.406,7.99,-0.01,-0.6,90.1,3,19.1334001,72.9138397,33.406,7.99,12,0.05,0.002668297357518121,1.5726450073702538,30.0,12.4,80,normal,none
1790202067200000,128,1,4,19.1334001,72.9138473,33.345,7.98,-0.01,-0.6,90.12,3,19.1334001,72.9138473,33.345,7.98,12,0.05,-0.00012951691765299684,1.5730293073859525,30.0,12.4,80,normal,none
1790202067300000,129,1,4,19.1334001,72.9138549,33.284,7.98,-0.01,-0.61,90.1,3,19.1334001,72.9138549,33.284,7.98,12,0.05,0.002724391629780905,1.5727062859577727,30.0,12.4,80,normal,none
1790202067400000,130,1,4,19.1334001,72.9138625,33.222,7.97,-0.01,-0.61,90.1,3,19.1334001,72.9138625,33.222,7.97,12,0.05,0.001065530025680019,1.5725499281921775,30.0,12.4,80,normal,none
1790202067500000,131,1,4,19.1334001,72.9138701,33.16,7.97,0.0,-0.61,90.06,3,19.1334001,72.9138701,33.16,7.97,12,0.05,4.897692315919216e-05,1.5719953420159065,30.0,12.4,80,normal,none
1790202067600000,132,1,4,19.1334001,72.9138777,33.098,7.98,0.0,-0.61,90.05,3,19.1334001,72.9138777,33.098,7.98,12,0.05,-0.0005490310455501717,1.5717818901731804,30.0,12.4,80,normal,none
1790202067700000,133,1,4,19.1334001,72.9138853,33.037,7.97,0.0,-0.61,90.05,3,19.1334001,72.9138853,33.037,7.97,12,0.05,1.2804199055509126e-05,1.571842292274232,30.0,12.4,80,normal,none
1790202067800000,134,1,4,19.1334001,72.9138929,32.975,7.98,0.0,-0.61,90.07,3,19.1334001,72.9138929,32.975,7.98,12,0.05,-0.0004777286347449951,1.572029606017107,30.0,12.4,80,normal,none
1790202067900000,135,1,4,19.1334,72.9139005,32.914,7.97,0.0,-0.61,90.07,3,19.1334,72.9139005,32.914,7.97,12,0.05,-0.0009015790226471337,1.572027472763305,30.0,12.4,80,normal,none
1790202068000000,136,1,4,19.1334,72.9139081,32.852,7.96,-0.01,-0.62,90.11,3,19.1334,72.9139081,32.852,7.96,12,0.05,0.002717884957553345,1.572764853067094,30.0,12.4,80,normal,none
1790202068100000,137,1,4,19.1334,72.9139157,32.79,7.95,-0.01,-0.61,90.12,3,19.1334,72.9139157,32.79,7.95,12,0.05,-0.0009161039513844573,1.5730515627242605,30.0,12.4,80,normal,none
1790202068200000,138,1,4,19.1334,72.9139233,32.729,7.95,-0.01,-0.61,90.11,3,19.1334,72.9139233,32.729,7.95,12,0.05,-0.0013531908474618346,1.572757702214117,30.0,12.4,80,normal,none
1790202068300000,139,1,4,19.1334,72.9139308,32.668,7.96,-0.01,-0.6,90.1,3,19.1334,72.9139308,32.668,7.96,12,0.05,-0.00163566924836017,1.572650800184524,30.0,12.4,80,normal,none
1790202068400000,140,1,4,19.1334,72.9139384,32.607,7.96,-0.01,-0.61,90.12,3,19.1334,72.9139384,32.607,7.96,12,0.05,0.0014921704924137599,1.573033174986273,30.0,12.4,80,normal,none
1790202068500000,141,1,4,19.1334,72.913946,32.545,7.96,-0.02,-0.61,90.14,3,19.1334,72.913946,32.545,7.96,12,0.05,0.0010170692483824622,1.5734137706744264,30.0,12.4,80,normal,none
1790202068600000,142,1,4,19.1333999,72.9139536,32.483,7.96,-0.01,-0.62,90.07,3,19.1333999,72.9139536,32.483,7.96,12,0.05,0.0025070431971933003,1.5721162173550352,30.0,12.4,80,normal,none
1790202068700000,143,1,4,19.1333999,72.9139612,32.42,7.96,-0.01,-0.62,90.1,3,19.1333999,72.9139612,32.42,7.96,12,0.05,-0.0005368758376575907,1.572658170862091,30.0,12.4,80,normal,none
1790202068800000,144,1,4,19.1333999,72.9139688,32.358,7.96,-0.02,-0.61,90.16,3,19.1333999,72.9139688,32.358,7.96,12,0.05,-0.0011799742008086192,1.5736472679936748,30.0,12.4,80,normal,none
1790202068900000,145,1,4,19.1333999,72.9139763,32.296,7.96,-0.02,-0.62,90.16,3,19.1333999,72.9139763,32.296,7.96,12,0.05,0.0019820986490283188,1.5737345139679737,30.0,12.4,80,normal,none
1790202069000000,146,1,4,19.1333999,72.9139839,32.233,7.96,-0.01,-0.62,90.13,3,19.1333999,72.9139839,32.233,7.96,12,0.05,0.00047507752147945794,1.5732037095150677,30.0,12.4,80,normal,none
1790202069100000,147,1,4,19.1333999,72.9139915,32.171,7.96,-0.01,-0.62,90.11,3,19.1333999,72.9139915,32.171,7.96,12,0.05,-0.0018697480125881903,1.5727508662146392,30.0,12.4,80,normal,none
1790202069200000,148,1,4,19.1333998,72.9139991,32.109,7.96,-0.02,-0.61,90.15,3,19.1333998,72.9139991,32.109,7.96,12,0.05,-0.001318094706020846,1.5734854700909047,30.0,12.4,80,normal,none
1790202069300000,149,1,4,19.1333998,72.9140067,32.048,7.96,-0.01,-0.61,90.09,3,19.1333998,72.9140067,32.048,7.96,12,0.05,-0.0001505749011591516,1.5725244593135108,30.0,12.4,80,normal,none
1790202069400000,150,1,4,19.1333998,72.9140142,31.987,7.96,-0.01,-0.6,90.07,3,19.1333998,72.9140142,31.987,7.96,12,0.05,-0.002521833898270194,1.5721183954275681,30.0,12.4,80,normal,none
1790202069500000,151,1,4,19.1333998,72.9140218,31.926,7.97,0.0,-0.6,90.06,3,19.1333998,72.9140218,31.926,7.97,12,0.05,0.0004471777090480041,1.571915141533184,30.0,12.4,80,normal,none
1790202069600000,152,1,4,19.1333998,72.9140294,31.865,7.98,-0.01,-0.6,90.08,3,19.1333998,72.9140294,31.865,7.98,12,0.05,0.00016711242420427023,1.5722985183577316,30.0,12.4,80,normal,none
1790202069700000,153,1,4,19.1333998,72.914037,31.804,7.98,0.0,-0.61,90.06,3,19.1333998,72.914037,31.804,7.98,12,0.05,0.0019596088024909273,1.571918204834632,30.0,12.4,80,normal,none
1790202069800000,154,1,4,19.1333998,72.9140446,31.741,7.97,-0.01,-0.62,90.12,3,19.1333998,72.9140446,31.741,7.97,12,0.05,0.0022493077142480247,1.5730619598499784,30.0,12.4,80,normal,none
1790202069900000,155,1,4,19.1333998,72.9140522,31.68,7.96,-0.01,-0.61,90.12,3,19.1333998,72.9140522,31.68,7.96,12,0.05,-0.0025960301672113776,1.5729843445560168,30.0,12.4,80,normal,none
1790202070000000,156,1,4,19.1333997,72.9140598,31.618,7.97,-0.02,-0.61,90.14,3,19.1333997,72.9140598,31.618,7.97,12,0.05,7.235116136499472e-05,1.5733207063384054,30.0,12.4,80,normal,none
1790202070100000,157,1,4,19.1333997,72.9140674,31.556,7.97,-0.01,-0.61,90.13,3,19.1333997,72.9140674,31.556,7.97,12,0.05,0.0003382020277771386,1.573194715833167,30.0,12.4,80,normal,none
1790202070200000,158,1,4,19.1333997,72.914075,31.495,7.97,-0.01,-0.61,90.13,3,19.1333997,72.914075,31.495,7.97,12,0.05,-0.001009092572431183,1.573099997112513,30.0,12.4,80,normal,none
1790202070300000,159,1,4,19.1333997,72.9140826,31.435,7.97,-0.01,-0.6,90.11,3,19.1333997,72.9140826,31.435,7.97,12,0.05,-0.003240039342302295,1.5727860764318644,30.0,12.4,80,normal,none
1790202070400000,160,1,4,19.1333997,72.9140902,31.374,7.97,0.0,-0.6,90.04,3,19.1333997,72.9140902,31.374,7.97,12,0.05,0.0009062066846007605,1.5715887612551451,30.0,12.4,80,normal,none
1790202070500000,161,1,4,19.1333997,72.9140978,31.313,7.97,0.0,-0.6,90.03,3,19.1333997,72.9140978,31.313,7.97,12,0.05,0.0012762764437843207,1.5714164841701637,30.0,12.4,80,normal,none
1790202070600000,162,1,4,19.1333997,72.9141053,31.252,7.97,0.0,-0.61,90.0,3,19.1333997,72.9141053,31.252,7.97,12,0.05,0.002256000156843719,1.570944027122107,30.0,12.4,80,normal,none
1790202070700000,163,1,4,19.1333997,72.9141129,31.19,7.97,0.0,-0.61,89.95,3,19.1333997,72.9141129,31.19,7.97,12,0.05,0.0002447001716133938,1.5700916609644715,30.0,12.4,80,normal,none
1790202070800000,164,1,4,19.1333997,72.9141205,31.128,7.97,0.0,-0.62,89.93,3,19.1333997,72.9141205,31.128,7.97,12,0.05,0.0012994414509158653,1.5697004905558114,30.0,12.4,80,normal,none
1790202070900000,165,1,4,19.1333997,72.9141281,31.065,7.97,0.0,-0.62,89.99,3,19.1333997,72.9141281,31.065,7.97,12,0.05,0.0012735927375862992,1.5707709464929531,30.0,12.4,80,normal,none
1790202071000000,166,1,4,19.1333997,72.9141357,31.003,7.96,0.0,-0.62,90.04,3,19.1333997,72.9141357,31.003,7.96,12,0.05,-0.0013906597589399303,1.5715315094325506,30.0,12.4,80,normal,none
1790202071100000,167,1,4,19.1333997,72.9141433,30.94,7.97,0.0,-0.63,90.05,3,19.1333997,72.9141433,30.94,7.97,12,0.05,0.0031597640618798097,1.571725702516228,30.0,12.4,80,normal,none
1790202071200000,168,1,4,19.1333997,72.9141509,30.877,7.95,0.0,-0.62,90.05,3,19.1333997,72.9141509,30.877,7.95,12,0.05,-0.0030601692295649852,1.5717765127342191,30.0,12.4,80,normal,none
1790202071300000,169,1,4,19.1333997,72.9141584,30.815,7.96,0.0,-0.62,90.05,3,19.1333997,72.9141584,30.815,7.96,12,0.05,0.00024901426771269927,1.571808927108538,30.0,12.4,80,normal,none
1790202071400000,170,1,4,19.1333997,72.914166,30.753,7.95,0.0,-0.62,90.04,3,19.1333997,72.914166,30.753,7.95,12,0.05,0.0008611007179881804,1.5716489858038891,30.0,12.4,80,normal,none
1790202071500000,171,1,4,19.1333997,72.9141736,30.69,7.95,0.0,-0.62,89.99,3,19.1333997,72.9141736,30.69,7.95,12,0.05,0.0004937255955258308,1.5707880924483981,30.0,12.4,80,normal,none
1790202071600000,172,1,4,19.1333997,72.9141812,30.627,7.96,0.0,-0.62,90.0,3,19.1333997,72.9141812,30.627,7.96,12,0.05,-0.00030240380141624573,1.5709004160489115,30.0,12.4,80,normal,none
1790202071700000,173,1,4,19.1333997,72.9141888,30.564,7.96,0.0,-0.63,90.01,3,19.1333997,72.9141888,30.564,7.96,12,0.05,0.0025669251908055483,1.5711446763745687,30.0,12.4,80,normal,none
1790202071800000,174,1,4,19.1333997,72.9141963,30.501,7.97,0.0,-0.63,90.0,3,19.1333997,72.9141963,30.501,7.97,12,0.05,-0.0010325419061938481,1.5708338009008633,30.0,12.4,80,normal,none
1790202071900000,175,1,4,19.1333997,72.9142039,30.437,7.97,0.01,-0.63,89.92,3,19.1333997,72.9142039,30.437,7.97,12,0.05,0.0011631735800900055,1.5694612627252402,30.0,12.4,80,normal,none
1790202072000000,176,1,4,19.1333997,72.9142115,30.373,7.97,0.02,-0.64,89.84,3,19.1333997,72.9142115,30.373,7.97,12,0.05,0.002020476492647887,1.5680799467543856,30.0,12.4,80,normal,none
1790202072100000,177,1,4,19.1333997,72.9142191,30.308,7.96,0.02,-0.64,89.84,3,19.1333997,72.9142191,30.308,7.96,12,0.05,0.0008515810239002069,1.5680204882499702,30.0,12.4,80,normal,none
1790202072200000,178,1,4,19.1333997,72.9142267,30.243,7.96,0.02,-0.65,89.79,3,19.1333997,72.9142267,30.243,7.96,12,0.05,0.0026343429409442795,1.5672052737750537,30.0,12.4,80,normal,none
1790202072300000,179,1,4,19.1333998,72.9142343,30.177,7.96,0.02,-0.66,89.85,3,19.1333998,72.9142343,30.177,7.96,12,0.05,0.0032644916623106195,1.5682630740129107,30.0,12.4,80,normal,none
1790202072400000,180,1,4,19.1334004,72.9142412,30.116,7.3,0.68,-0.6,84.67,3,19.1334004,72.9142412,30.116,7.33,12,0.05,-0.016916790970262222,1.4778806856336275,30.0,12.4,80,normal,none
1790202072500000,181,1,4,19.1334015,72.9142476,30.06,6.7,1.28,-0.55,79.11,3,19.1334015,72.9142476,30.06,6.82,12,0.05,-0.015012688208123806,1.38078897685912,30.0,12.4,80,normal,none
1790202072600000,182,1,4,19.1334032,72.9142535,30.009,6.15,1.84,-0.5,73.31,3,19.1334032,72.9142535,30.009,6.42,12,0.05,-0.01519823781260295,1.2795415507478882,30.0,12.4,80,normal,none
1790202072700000,183,1,4,19.1334053,72.9142588,29.963,5.63,2.35,-0.46,67.3,3,19.1334053,72.9142588,29.963,6.11,12,0.05,-0.0138080849546928,1.17468926348041,30.0,12.4,80,normal,none
1790202072800000,184,1,4,19.1334079,72.9142638,29.92,5.16,2.83,-0.42,61.21,3,19.1334079,72.9142638,29.92,5.89,12,0.05,-0.01177137010752933,1.0683412490826134,30.0,12.4,80,normal,none
1790202072900000,185,1,4,19.1334108,72.9142682,29.881,4.72,3.26,-0.39,55.35,3,19.1334108,72.9142682,29.881,5.74,12,0.05,-0.00943544332132602,0.9661989662380048,30.0,12.4,80,normal,none
1790202073000000,186,1,4,19.1334141,72.9142724,29.844,4.31,3.65,-0.36,49.72,3,19.1334141,72.9142724,29.844,5.65,12,0.05,-0.010200420288434372,0.867908527050694,30.0,12.4,80,normal,none
1790202073100000,187,1,4,19.1334177,72.9142761,29.811,3.94,4.01,-0.33,44.45,3,19.1334177,72.9142761,29.811,5.62,12,0.05,-0.008365133952883934,0.7759082003656571,30.0,12.4,80,normal,none
1790202073200000,188,1,4,19.1334216,72.9142795,29.78,3.6,4.35,-0.3,39.59,3,19.1334216,72.9142795,29.78,5.64,12,0.05,-0.008664837120020906,0.6911012596840487,30.0,12.4,80,normal,none
1790202073300000,189,1,4,19.1334258,72.9142827,29.753,3.27,4.65,-0.27,35.12,3,19.1334258,72.9142827,29.753,5.69,12,0.05,-0.008539794941103998,0.6130251936484994,30.0,12.4,80,normal,none
1790202073400000,190,1,4,19.1334302,72.9142855,29.727,2.97,4.93,-0.25,31.07,3,19.1334302,72.9142855,29.727,5.76,12,0.05,-0.00800207750348441,0.5423133775982169,30.0,12.4,80,normal,none
1790202073500000,191,1,4,19.1334349,72.9142881,29.704,2.69,5.19,-0.23,27.45,3,19.1334349,72.9142881,29.704,5.85,12,0.05,-0.0047670979373595325,0.47920358627946563,30.0,12.4,80,normal,none
1790202073600000,192,1,4,19.1334398,72.9142904,29.682,2.45,5.43,-0.21,24.3,3,19.1334398,72.9142904,29.682,5.96,12,0.05,-0.006260795173260731,0.4242359912496457,30.0,12.4,80,normal,none
1790202073700000,193,1,4,19.1334449,72.9142925,29.662,2.22,5.63,-0.2,21.53,3,19.1334449,72.9142925,29.662,6.05,12,0.05,-0.004407056561994737,0.3757929713395725,30.0,12.4,80,normal,none
1790202073800000,194,1,4,19.1334501,72.9142944,29.644,2.0,5.82,-0.17,19.0,3,19.1334501,72.9142944,29.644,6.16,12,0.05,-0.00694641786685224,0.33167987141734134,30.0,12.4,80,normal,none
1790202073900000,195,1,4,19.1334555,72.9142961,29.628,1.81,5.99,-0.16,16.85,3,19.1334555,72.9142961,29.628,6.26,12,0.05,-0.004038481731017049,0.29413492128519564,30.0,12.4,80,normal,none
1790202074000000,196,1,4,19.133461,72.9142977,29.612,1.63,6.17,-0.15,14.82,3,19.133461,72.9142977,29.612,6.38,12,0.05,-0.0031542229212599953,0.25876131580872774,30.0,12.4,80,normal,none
1790202074100000,197,1,4,19.1334667,72.9142991,29.597,1.46,6.33,-0.14,13.02,3,19.1334667,72.9142991,29.597,6.5,12,0.05,-0.002274029147880281,0.22726160173565207,30.0,12.4,80,normal,none
1790202074200000,198,1,4,19.1334726,72.9143003,29.584,1.3,6.46,-0.13,11.36,3,19.1334726,72.9143003,29.584,6.59,12,0.05,-0.0038521567866013243,0.19838594277256202,30.0,12.4,80,normal,none
1790202074300000,199,1,4,19.1334785,72.9143014,29.571,1.15,6.59,-0.12,9.96,3,19.1334785,72.9143014,29.571,6.69,12,0.05,-0.0016493718369029935,0.17396005368392775,30.0,12.4,80,normal,none
1790202074400000,200,1,4,19.1334845,72.9143024,29.56,1.02,6.71,-0.1,8.7,3,19.1334845,72.9143024,29.56,6.78,12,0.05,-0.00620925089684934,0.1519243378818786,30.0,12.4,80,normal,none
1790202074500000,201,1,4,19.1334907,72.9143033,29.55,0.89,6.81,-0.09,7.52,3,19.1334907,72.9143033,29.55,6.87,12,0.05,-0.0046025573352090595,0.13127409000720416,30.0,12.4,80,normal,none
1790202074600000,202,1,4,19.1334969,72.914304,29.541,0.78,6.91,-0.09,6.5,3,19.1334969,72.914304,29.541,6.95,12,0.05,-0.0008433067990050259,0.11355990883991382,30.0,12.4,80,normal,none
1790202074700000,203,1,4,19.1335032,72.9143047,29.533,0.68,6.99,-0.07,5.58,3,19.1335032,72.9143047,29.533,7.03,12,0.05,-0.003738633905070188,0.09752275988953446,30.0,12.4,80,normal,none
1790202074800000,204,1,4,19.1335095,72.9143052,29.526,0.57,7.08,-0.07,4.67,3,19.1335095,72.9143052,29.526,7.1,12,0.05,-0.001860572968620397,0.08153539958319186,30.0,12.4,80,normal,none
1790202074900000,205,1,4,19.133516,72.9143057,29.52,0.48,7.16,-0.06,3.84,3,19.133516,72.9143057,29.52,7.17,12,0.05,-0.0033337669493023205,0.06715467502320971,30.0,12.4,80,normal,none
1790202075000000,206,1,4,19.1335225,72.9143061,29.514,0.39,7.23,-0.05,3.12,3,19.1335225,72.9143061,29.514,7.24,12,0.05,-0.0020362911013012187,0.05455846492488106,30.0,12.4,80,normal,none
1790202075100000,207,1,4,19.133529,72.9143064,29.509,0.31,7.29,-0.05,2.49,3,19.133529,72.9143064,29.509,7.3,12,0.05,-0.0016153276515906364,0.043612852620014346,30.0,12.4,80,normal,none
1790202075200000,208,1,4,19.1335357,72.9143066,29.505,0.24,7.35,-0.04,1.94,3,19.1335357,72.9143066,29.505,7.35,12,0.05,-0.0018204427594093828,0.03396909367490685,30.0,12.4,80,normal,none
1790202075300000,209,1,4,19.1335423,72.9143068,29.5,0.19,7.4,-0.04,1.47,3,19.1335423,72.9143068,29.5,7.4,12,0.05,0.0013704079828509672,0.025780061240432178,30.0,12.4,80,normal,none
1790202075400000,210,1,4,19.133549,72.9143069,29.496,0.13,7.46,-0.04,1.05,3,19.133549,72.9143069,29.496,7.46,12,0.05,-0.0018355363634879845,0.01841076525279269,30.0,12.4,80,normal,none
1790202075500000,211,1,4,19.1335558,72.914307,29.492,0.07,7.5,-0.03,0.53,3,19.1335558,72.914307,29.492,7.5,12,0.05,-0.0018858077004630565,0.009349180569972866,30.0,12.4,80,normal,none
1790202075600000,212,1,4,19.1335626,72.914307,29.489,0.01,7.53,-0.02,0.12,3,19.1335626,72.914307,29.489,7.53,12,0.05,-0.003072542384454068,0.002225926585826562,30.0,12.4,80,normal,none
1790202075700000,213,1,4,19.1335694,72.914307,29.487,-0.02,7.56,-0.01,359.78,3,19.1335694,72.914307,29.487,7.56,12,0.05,-0.003017494533544585,6.279350609908875,30.0,12.4,80,normal,none
1790202075800000,214,1,4,19.1335762,72.9143069,29.486,-0.06,7.6,-0.01,359.51,3,19.1335762,72.9143069,29.486,7.6,12,0.05,-0.001197211819119071,6.2747973381978825,30.0,12.4,80,normal,none
1790202075900000,215,1,4,19.1335831,72.9143068,29.485,-0.1,7.63,-0.01,359.19,3,19.1335831,72.9143068,29.485,7.63,12,0.05,0.0010176917314866668,6.269176118839918,30.0,12.4,80,normal,none
1790202076000000,216,1,4,19.13359,72.9143067,29.484,-0.14,7.66,0.0,358.91,3,19.13359,72.9143067,29.484,7.66,12,0.05,-0.0045550257991371175,6.264207778493716,30.0,12.4,80,normal,none
1790202076100000,217,1,4,19.1335969,72.9143065,29.484,-0.18,7.69,0.0,358.64,3,19.1335969,72.9143065,29.484,7.7,12,0.05,0.0003242518095990904,6.259451319735981,30.0,12.4,80,normal,none
1790202076200000,218,1,4,19.1336038,72.9143063,29.484,-0.21,7.72,0.0,358.41,3,19.1336038,72.9143063,29.484,7.72,12,0.05,-7.5306951562957e-05,6.255556016047864,30.0,12.4,80,normal,none
1790202076300000,219,1,4,19.1336108,72.9143061,29.484,-0.24,7.75,0.0,358.19,3,19.1336108,72.9143061,29.484,7.75,12,0.05,-0.0009166857049680667,6.251722760738477,30.0,12.4,80,normal,none
1790202076400000,220,1,4,19.1336178,72.9143058,29.484,-0.28,7.76,0.0,357.92,3,19.1336178,72.9143058,29.484,7.77,12,0.05,3.0990095757512156e-05,6.2469675859828655,30.0,12.4,80,normal,none
1790202076500000,221,1,4,19.1336248,72.9143055,29.484,-0.3,7.78,0.0,357.72,3,19.1336248,72.9143055,29.484,7.79,12,0.05,0.0012427691602647248,6.243460692873532,30.0,12.4,80,normal,none
1790202076600000,222,1,4,19.1336318,72.9143052,29.484,-0.34,7.8,0.0,357.49,3,19.1336318,72.9143052,29.484,7.81,12,0.05,-0.0006847863376206646,6.239430698149925,30.0,12.4,80,normal,none
1790202076700000,223,1,4,19.1336388,72.9143048,29.484,-0.37,7.82,0.0,357.24,3,19.1336388,72.9143048,29.484,7.83,12,0.05,-0.0018584064985257879,6.235130417372338,30.0,12.4,80,normal,none
1790202076800000,224,1,4,19.1336459,72.9143044,29.485,-0.39,7.82,0.01,357.08,3,19.1336459,72.9143044,29.485,7.83,12,0.05,-0.0025786762454944228,6.232292308900821,30.0,12.4,80,normal,none
1790202076900000,225,1,4,19.1336529,72.914304,29.487,-0.41,7.85,0.01,356.97,3,19.1336529,72.914304,29.487,7.86,12,0.05,-0.0017399239125573285,6.230473644943512,30.0,12.4,80,normal,none
1790202077000000,226,1,4,19.13366,72.9143036,29.49,-0.42,7.86,0.02,356.88,3,19.13366,72.9143036,29.49,7.87,12,0.05,-0.0022116066941830956,6.228731620956882,30.0,12.4,80,normal,none
1790202077100000,227,1,4,19.1336671,72.9143032,29.493,-0.44,7.87,0.02,356.79,3,19.1336671,72.9143032,29.493,7.89,12,0.05,1.0203265929414323e-05,6.227319040637917,30.0,12.4,80,normal,none
1790202077200000,228,1,4,19.1336742,72.9143028,29.496,-0.45,7.88,0.03,356.68,3,19.1336742,72.9143028,29.496,7.89,12,0.05,-0.002005633773093758,6.22527704207149,30.0,12.4,80,normal,none
1790202077300000,229,1,4,19.1336813,72.9143023,29.499,-0.46,7.88,0.03,356.64,3,19.1336813,72.9143023,29.499,7.9,12,0.05,1.3149237984307866e-05,6.224612395151499,30.0,12.4,80,normal,none
1790202077400000,230,1,4,19.1336884,72.9143019,29.503,-0.47,7.89,0.03,356.56,3,19.1336884,72.9143019,29.503,7.9,12,0.05,-0.002100342194522045,6.223247006839351,30.0,12.4,80,normal,none
1790202077500000,231,1,4,19.1336955,72.9143014,29.507,-0.49,7.89,0.03,356.39,3,19.1336955,72.9143014,29.507,7.91,12,0.05,0.0007214324380443434,6.22034017075976,30.0,12.4,80,normal,none
1790202077600000,232,1,4,19.1337026,72.9143009,29.51,-0.51,7.89,0.03,356.24,3,19.1337026,72.9143009,29.51,7.91,12,0.05,0.0008581136156185207,6.21761505836274,30.0,12.4,80,normal,none
1790202077700000,233,1,4,19.1337097,72.9143004,29.514,-0.52,7.91,0.03,356.18,3,19.1337097,72.9143004,29.514,7.92,12,0.05,-0.00024518250384404796,6.216529383824209,30.0,12.4,80,normal,none
1790202077800000,234,1,4,19.1337168,72.9142999,29.518,-0.54,7.91,0.04,356.09,3,19.1337168,72.9142999,29.518,7.93,12,0.05,-0.002210793248856097,6.21495473653432,30.0,12.4,80,normal,none
1790202077900000,235,1,4,19.133724,72.9142994,29.523,-0.55,7.91,0.04,356.0,3,19.133724,72.9142994,29.523,7.93,12,0.05,-0.001281449244713483,6.213500733975579,30.0,12.4,80,normal,none
1790202078000000,236,1,4,19.1337311,72.9142988,29.528,-0.55,7.92,0.04,355.96,3,19.1337311,72.9142988,29.528,7.94,12,0.05,-0.00030359886415333415,6.212703038597979,30.0,12.4,80,normal,none
1790202078100000,237,1,4,19.1337382,72.9142983,29.532,-0.56,7.92,0.04,355.94,3,19.1337382,72.9142983,29.532,7.94,12,0.05,-0.0002843322661910754,6.212469792897604,30.0,12.4,80,normal,none
1790202078200000,238,1,4,19.1337453,72.9142978,29.537,-0.56,7.92,0.04,355.9,3,19.1337453,72.9142978,29.537,7.94,12,0.05,0.0021080560248893194,6.21166726113273,30.0,12.4,80,normal,none
1790202078300000,239,1,4,19.1337525,72.9142972,29.54,-0.56,7.92,0.03,355.89,3,19.1337525,72.9142972,29.54,7.94,12,0.05,0.0010991004344295036,6.2115262542115035,30.0,12.4,80,normal,none
1790202078400000,240,1,4,19.1337596,72.9142967,29.543,-0.57,7.93,0.02,355.86,3,19.1337596,72.9142967,29.543,7.95,12,0.05,0.002924516796129056,6.210966514627046,30.0,12.4,80,normal,none
1790202078500000,241,1,4,19.1337667,72.9142961,29.547,-0.58,7.93,0.03,355.77,3,19.1337667,72.9142961,29.547,7.95,12,0.05,-0.0030511925210252385,6.209476471241496,30.0,12.4,80,normal,none
1790202078600000,242,1,4,19.1337739,72.9142956,29.551,-0.58,7.94,0.03,355.76,3,19.1337739,72.9142956,29.551,7.96,12,0.05,0.0011730915098524944,6.20929900625486,30.0,12.4,80,normal,none
1790202078700000,243,1,4,19.133781,72.914295,29.554,-0.59,7.94,0.03,355.7,3,19.133781,72.914295,29.554,7.96,12,0.05,-0.0007661489407447615,6.208239306656612,30.0,12.4,80,normal,none
1790202078800000,244,1,4,19.1337882,72.9142944,29.558,-0.59,7.94,0.04,355.7,3,19.1337882,72.9142944,29.558,7.96,12,0.05,-0.0010468930221798674,6.208278602949897,30.0,12.4,80,normal,none
1790202078900000,245,1,4,19.1337953,72.9142939,29.563,-0.59,7.95,0.04,355.69,3,19.1337953,72.9142939,29.563,7.97,12,0.05,-0.001775712050613346,6.2081115319802676,30.0,12.4,80,normal,none
1790202079000000,246,1,4,19.1338025,72.9142933,29.568,-0.6,7.94,0.05,355.61,3,19.1338025,72.9142933,29.568,7.96,12,0.05,-0.0019310293303140599,6.206699232384031,30.0,12.4,80,normal,none
1790202079100000,247,1,4,19.1338096,72.9142927,29.573,-0.6,7.94,0.04,355.64,3,19.1338096,72.9142927,29.573,7.96,12,0.05,0.0026019563393262215,6.207216459632999,30.0,12.4,80,normal,none
1790202079200000,248,1,4,19.1338168,72.9142921,29.578,-0.6,7.94,0.05,355.64,3,19.1338168,72.9142921,29.578,7.97,12,0.05,-0.003213705810447261,6.207099151063417,30.0,12.4,80,normal,none
1790202079300000,249,1,4,19.1338239,72.9142915,29.583,-0.6,7.94,0.05,355.64,3,19.1338239,72.9142915,29.583,7.97,12,0.05,0.0011653908189701097,6.207187394694062,30.0,12.4,80,normal,none
1790202079400000,250,1,4,19.133831,72.914291,29.588,-0.6,7.95,0.04,355.63,3,19.133831,72.914291,29.588,7.97,12,0.05,0.0012503176076025123,6.206952678143419,30.0,12.4,80,normal,none
1790202079500000,251,1,4,19.1338382,72.9142904,29.593,-0.59,7.96,0.05,355.69,3,19.1338382,72.9142904,29.593,7.98,12,0.05,-0.0021491378592319835,6.208106301539606,30.0,12.4,80,normal,none
1790202079600000,252,1,4,19.1338454,72.9142898,29.599,-0.6,7.96,0.05,355.64,3,19.1338454,72.9142898,29.599,7.98,12,0.05,-0.0012145880920030022,6.207260003148088,30.0,12.4,80,normal,none
1790202079700000,253,1,4,19.1338525,72.9142892,29.605,-0.6,7.97,0.06,355.65,3,19.1338525,72.9142892,29.605,7.99,12,0.05,-0.001108972917300867,6.20735043984399,30.0,12.4,80,normal,none
1790202079800000,254,1,4,19.1338597,72.9142887,29.612,-0.6,7.97,0.06,355.66,3,19.1338597,72.9142887,29.612,7.99,12,0.05,-0.0005668470630692452,6.207585565186102,30.0,12.4,80,normal,none
1790202079900000,255,1,4,19.1338669,72.9142881,29.618,-0.61,7.97,0.06,355.58,3,19.1338669,72.9142881,29.618,8.0,12,0.05,0.0008519462110822121,6.206197745213451,30.0,12.4,80,normal,none
1790202080000000,256,1,4,19.1338741,72.9142875,29.625,-0.62,7.98,0.06,355.53,3,19.1338741,72.9142875,29.625,8.0,12,0.05,-0.0027142991069516835,6.205314706813715,30.0,12.4,80,normal,none
1790202080100000,257,1,4,19.1338813,72.9142869,29.632,-0.61,7.98,0.07,355.58,3,19.1338813,72.9142869,29.632,8.0,12,0.05,-0.0019070116819551995,6.206077752374354,30.0,12.4,80,normal,none
1790202080200000,258,1,4,19.1338884,72.9142863,29.639,-0.61,7.98,0.06,355.57,3,19.1338884,72.9142863,29.639,8.0,12,0.05,0.00199440959478383,6.205933483821124,30.0,12.4,80,normal,none
1790202080300000,259,1,4,19.1338956,72.9142857,29.645,-0.61,7.98,0.06,355.57,3,19.1338956,72.9142857,29.645,8.0,12,0.05,0.0021507401654546647,6.206031355507963,30.0,12.4,80,normal,none
1790202080400000,260,1,4,19.1339028,72.9142851,29.652,-0.61,7.98,0.07,355.56,3,19.1339028,72.9142851,29.652,8.0,12,0.05,-0.0027691560244200667,6.20583248532103,30.0,12.4,80,normal,none
1790202080500000,261,1,4,19.13391,72.9142846,29.66,-0.61,7.98,0.07,355.59,3,19.13391,72.9142846,29.66,8.0,12,0.05,-0.0001665382892056713,6.206240495119776,30.0,12.4,80,normal,none
1790202080600000,262,1,4,19.1339172,72.914284,29.666,-0.61,7.98,0.06,355.58,3,19.1339172,72.914284,29.666,8.0,12,0.05,0.001886980555518369,6.206071621262278,30.0,12.4,80,normal,none
1790202080700000,263,1,4,19.1339243,72.9142834,29.672,-0.61,7.97,0.05,355.56,3,19.1339243,72.9142834,29.672,8.0,12,0.05,0.0019878167726427405,6.205765655860327,30.0,12.4,80,normal,none
1790202080800000,264,1,4,19.1339315,72.9142828,29.677,-0.61,7.97,0.05,355.57,3,19.1339315,72.9142828,29.677,8.0,12,0.05,0.002640576097002674,6.205949722859003,30.0,12.4,80,normal,none
1790202080900000,265,1,4,19.1339387,72.9142822,29.683,-0.61,7.98,0.05,355.56,3,19.1339387,72.9142822,29.683,8.0,12,0.05,-0.0019370426509600733,6.205749510412647,30.0,12.4,80,normal,none
1790202081000000,266,1,4,19.1339459,72.9142816,29.688,-0.61,7.98,0.05,355.59,3,19.1339459,72.9142816,29.688,8.0,12,0.05,0.0011329397962494751,6.206231841577296,30.0,12.4,80,normal,none
1790202081100000,267,1,4,19.133953,72.914281,29.694,-0.62,7.98,0.05,355.54,3,19.133953,72.914281,29.694,8.0,12,0.05,-0.0008386955724331364,6.205371375514391,30.0,12.4,80,normal,none
1790202081200000,268,1,4,19.1339602,72.9142804,29.699,-0.61,7.98,0.05,355.58,3,19.1339602,72.9142804,29.699,8.01,12,0.05,9.369919332448082e-06,6.20609222722632,30.0,12.4,80,normal,none
1790202081300000,269,1,4,19.1339674,72.9142798,29.705,-0.62,7.98,0.05,355.52,3,19.1339674,72.9142798,29.705,8.01,12,0.05,-0.0005299017498577482,6.205105038935869,30.0,12.4,80,normal,none
1790202081400000,270,1,4,19.1339746,72.9142792,29.711,-0.62,7.98,0.05,355.51,3,19.1339746,72.9142792,29.711,8.0,12,0.05,-0.0005436244665679033,6.204833155272078,30.0,12.4,80,normal,none
1790202081500000,271,1,4,19.1339818,72.9142786,29.717,-0.62,7.97,0.06,355.48,3,19.1339818,72.9142786,29.717,8.0,12,0.05,-0.0005903725650303467,6.204391125259119,30.0,12.4,80,normal,none
1790202081600000,272,1,4,19.1339889,72.914278,29.723,-0.63,7.97,0.06,355.46,3,19.1339889,72.914278,29.723,8.0,12,0.05,-0.0004841731402420727,6.204090820940563,30.0,12.4,80,normal,none
1790202081700000,273,1,4,19.1339961,72.9142774,29.73,-0.63,7.97,0.07,355.42,3,19.1339961,72.9142774,29.73,8.0,12,0.05,-0.0022251012599302025,6.203319487235288,30.0,12.4,80,normal,none
1790202081800000,274,1,4,19.1340033,72.9142768,29.736,-0.64,7.96,0.06,355.37,3,19.1340033,72.9142768,29.736,7.99,12,0.05,0.003009223357875375,6.202516186651482,30.0,12.4,80,normal,none
1790202081900000,275,1,4,19.1340104,72.9142762,29.742,-0.64,7.96,0.05,355.38,3,19.1340104,72.9142762,29.742,7.99,12,0.05,8.942265095140999e-05,6.202632269097036,30.0,12.4,80,normal,none
1790202082000000,276,1,4,19.1340176,72.9142756,29.749,-0.63,7.95,0.06,355.42,3,19.1340176,72.9142756,29.749,7.97,12,0.05,-0.0007056575228805362,6.203344861530429,30.0,12.4,80,normal,none
1790202082100000,277,1,4,19.1340247,72.914275,29.755,-0.62,7.94,0.06,355.47,3,19.1340247,72.914275,29.755,7.97,12,0.05,0.0005383436801961071,6.204294558172691,30.0,12.4,80,normal,none
1790202082200000,278,1,4,19.1340319,72.9142744,29.761,-0.63,7.94,0.05,355.44,3,19.1340319,72.9142744,29.761,7.97,12,0.05,0.00040946322672062675,6.203729188532198,30.0,12.4,80,normal,none
1790202082300000,279,1,4,19.134039,72.9142738,29.766,-0.62,7.95,0.05,355.5,3,19.134039,72.9142738,29.766,7.98,12,0.05,0.00038697327928868873,6.204708456806177,30.0,12.4,80,normal,none
1790202082400000,280,1,4,19.1340462,72.9142732,29.773,-0.61,7.96,0.06,355.56,3,19.1340462,72.9142732,29.773,7.98,12,0.05,-0.002844631029794853,6.2058121655005465,30.0,12.4,80,normal,none
1790202082500000,281,1,4,19.1340534,72.9142726,29.78,-0.61,7.96,0.06,355.55,3,19.1340534,72.9142726,29.78,7.98,12,0.05,-0.00048281909252440096,6.2055757145071295,30.0,12.4,80,normal,none
1790202082600000,282,1,4,19.1340605,72.9142721,29.786,-0.6,7.96,0.06,355.65,3,19.1340605,72.9142721,29.786,7.99,12,0.05,0.0012011531134058105,6.207430666479586,30.0,12.4,80,normal,none
1790202082700000,283,1,4,19.1340677,72.9142715,29.793,-0.6,7.96,0.06,355.67,3,19.1340677,72.9142715,29.793,7.98,12,0.05,0.0007691173063648057,6.207684169406439,30.0,12.4,80,normal,none
1790202082800000,284,1,4,19.1340749,72.9142709,29.799,-0.6,7.96,0.06,355.68,3,19.1340749,72.9142709,29.799,7.98,12,0.05,-0.0004710733785912551,6.207886441886081,30.0,12.4,80,normal,none
1790202082900000,285,1,4,19.134082,72.9142703,29.806,-0.6,7.96,0.06,355.66,3,19.134082,72.9142703,29.806,7.99,12,0.05,-0.0006557757829316489,6.207515847090837,30.0,12.4,80,normal,none
1790202083000000,286,1,4,19.1340892,72.9142697,29.812,-0.61,7.97,0.06,355.57,3,19.1340892,72.9142697,29.812,7.99,12,0.05,0.001551868705310132,6.205963706145102,30.0,12.4,80,normal,none
1790202083100000,287,1,4,19.1340964,72.9142692,29.818,-0.62,7.97,0.06,355.5,3,19.1340964,72.9142692,29.818,7.99,12,0.05,-0.00021008763532520978,6.204806797594748,30.0,12.4,80,normal,none
1790202083200000,288,1,4,19.1341035,72.9142685,29.823,-0.63,7.97,0.05,355.47,3,19.1341035,72.9142685,29.823,8.0,12,0.05,0.001985806745786222,6.204251332340752,30.0,12.4,80,normal,none
1790202083300000,289,1,4,19.1341107,72.9142679,29.829,-0.63,7.97,0.05,355.45,3,19.1341107,72.9142679,29.829,7.99,12,0.05,-0.00016918483482990557,6.203846719433823,30.0,12.4,80,normal,none
1790202083400000,290,1,4,19.1341179,72.9142673,29.835,-0.63,7.96,0.06,355.45,3,19.1341179,72.9142673,29.835,7.99,12,0.05,-0.0013423788518042408,6.203878718907272,30.0,12.4,80,normal,none
1790202083500000,291,1,4,19.134125,72.9142667,29.84,-0.63,7.95,0.05,355.44,3,19.134125,72.9142667,29.84,7.98,12,0.05,0.0028668269759951795,6.203725766194957,30.0,12.4,80,normal,none
1790202083600000,292,1,4,19.1341322,72.9142661,29.845,-0.63,7.95,0.05,355.44,3,19.1341322,72.9142661,29.845,7.98,12,0.05,-0.00022361810249789312,6.203617923231357,30.0,12.4,80,normal,none
1790202083700000,293,1,4,19.1341394,72.9142655,29.851,-0.63,7.96,0.05,355.43,3,19.1341394,72.9142655,29.851,7.98,12,0.05,-0.001827554427152143,6.203528108701995,30.0,12.4,80,normal,none
1790202083800000,294,1,4,19.1341465,72.9142649,29.856,-0.64,7.95,0.05,355.38,3,19.1341465,72.9142649,29.856,7.98,12,0.05,0.0014354343278342903,6.202696468165225,30.0,12.4,80,normal,none
1790202083900000,295,1,4,19.1341537,72.9142643,29.861,-0.64,7.96,0.05,355.4,3,19.1341537,72.9142643,29.861,7.99,12,0.05,0.0002870744087889556,6.20292875983652,30.0,12.4,80,normal,none
1790202084000000,296,1,4,19.1341608,72.9142637,29.866,-0.65,7.95,0.04,355.3,3,19.1341608,72.9142637,29.866,7.98,12,0.05,0.0008579396688920319,6.201250108173201,30.0,12.4,80,normal,none
1790202084100000,297,1,4,19.134168,72.9142631,29.871,-0.65,7.95,0.05,355.29,3,19.134168,72.9142631,29.871,7.98,12,0.05,-0.0005713639973151855,6.200995416724697,30.0,12.4,80,normal,none
1790202084200000,298,1,4,19.1341752,72.9142624,29.876,-0.65,7.96,0.04,355.29,3,19.1341752,72.9142624,29.876,7.99,12,0.05,0.0005437181886898097,6.20099782101832,30.0,12.4,80,normal,none
1790202084300000,299,1,4,19.1341823,72.9142618,29.881,-0.65,7.96,0.04,355.27,3,19.1341823,72.9142618,29.881,7.99,12,0.05,0.001782000669676037,6.200635743593561,30.0,12.4,80,normal,none
