seed,gps_spoofing_acc,telemetry_manipulation_acc,dos_acc,mavlink_anomaly_acc,fpr_rules,fpr_hybrid,dos_hybrid_flagged,cmd_injection_acc,firmware_acc
1000,98.0,100.0,76.92307692307693,100.0,0.3058103975535168,2.293577981651376,100.0,100.0,100.0
1001,98.0,100.0,84.0,100.0,1.524390243902439,3.048780487804878,88.0,100.0,100.0
1002,98.0,98.0,76.19047619047619,100.0,1.2121212121212122,2.878787878787879,100.0,100.0,100.0
1003,98.0,100.0,86.95652173913044,100.0,1.0687022900763359,2.595419847328244,95.65217391304348,100.0,100.0
1004,98.0,100.0,96.29629629629629,100.0,1.2213740458015268,3.0534351145038165,96.29629629629629,100.0,100.0
1005,98.0,98.0,89.47368421052632,100.0,0.7621951219512195,2.4390243902439024,89.47368421052632,100.0,100.0
1006,100.0,100.0,96.0,100.0,0.9160305343511451,2.595419847328244,100.0,100.0,100.0
1007,98.0,100.0,89.47368421052632,100.0,1.0638297872340425,2.5835866261398177,94.73684210526315,100.0,100.0
1008,98.0,98.0,90.0,100.0,1.2213740458015268,2.900763358778626,100.0,100.0,100.0
1009,98.0,100.0,82.35294117647058,100.0,1.669195751138088,3.0349013657056148,94.11764705882352,100.0,100.0
